Workbook

Sheet Sales_Data
A1: Date | B1: Year | C1: Month | D1: Month_Num | E1: Region | F1: Product | G1: Units_Sold | H1: Unit_Price | I1: Revenue | J1: Growth_%
A2: 44927 | B2: 2023 | C2: January | D2: 1 | E2: North | F2: Product_A | G2: 152 | H2: 163.38 | I2: 24833.76 | J2: -7.66
A3: 44927 | B3: 2023 | C3: January | D3: 1 | E3: East | F3: Product_C | G3: 570 | H3: 159 | I3: 90630 | J3: -7.05
A4: 44927 | B4: 2023 | C4: January | D4: 1 | E4: East | F4: Product_D | G4: 521 | H4: 22.53 | I4: 11738.13 | J4: -7.05
A5: 44927 | B5: 2023 | C5: January | D5: 1 | E5: East | F5: Product_E | G5: 441 | H5: 151.22 | I5: 66688.02 | J5: 15.85
A6: 44927 | B6: 2023 | C6: January | D6: 1 | E6: East | F6: Product_F | G6: 539 | H6: 84.52 | I6: 45556.28 | J6: -10.37
A7: 44927 | B7: 2023 | C7: January | D7: 1 | E7: East | F7: Product_G | G7: 184 | H7: 173.01 | I7: 31833.84 | J7: 2.98
A8: 44927 | B8: 2023 | C8: January | D8: 1 | E8: East | F8: Product_H | G8: 82 | H8: 31.44 | I8: 2578.08 | J8: -2.56
A9: 44927 | B9: 2023 | C9: January | D9: 1 | E9: East | F9: Product_I | G9: 777 | H9: 139.87 | I9: 108678.99 | J9: 8.65
A10: 44927 | B10: 2023 | C10: January | D10: 1 | E10: East | F10: Product_J | G10: 775 | H10: 179.7 | I10: 139267.5 | J10: 3.89
A11: 44927 | B11: 2023 | C11: January | D11: 1 | E11: East | F11: Product_K | G11: 662 | H11: 194.91 | I11: 129030.42 | J11: 18.96
A12: 44927 | B12: 2023 | C12: January | D12: 1 | E12: West | F12: Product_A | G12: 442 | H12: 147.92 | I12: 65380.64 | J12: -10.56
A13: 44927 | B13: 2023 | C13: January | D13: 1 | E13: West | F13: Product_B | G13: 510 | H13: 56.31 | I13: 28718.1 | J13: 20.83
... A1729: 45977 | B1729: 2025 | C1729: November | D1729: 11 | E1729: West | F1729: Product_L | G1729: 164 | H1729: 75.09 | I1729: 12314.76 | J1729: -12.45

Sheet Dashboard
A1: SALES DASHBOARD & FORECASTING
A2: KEY PERFORMANCE INDICATORS
A4: Total Revenue | F4: Total Units | L4: Avg Growth % | Q4: Avg Sale Value
A5: =SUM(Sales_Data!I:I) -> 77780866 | F5: =SUM(Sales_Data!G:G) -> 723328 | L5: =AVERAGE(Sales_Data!J:J) -> 5.1389352 | Q5: =AVERAGE(Sales_Data!I:I) -> 45012.075

Sheet Regional_Summary
A1: REVENUE BY REGION
A2: Region | B2: Total Revenue | C2: Total Units | D2: Avg Revenue per Unit
A3: North | B3: =SUMIF(Sales_Data!E:E,"North",Sales_Data!I:I) -> 18918000 | C3: =SUMIF(Sales_Data!E:E,"North",Sales_Data!G:G) -> 181323 | D3: =B3/C3 -> 104.33315
A4: South | B4: =SUMIF(Sales_Data!E:E,"South",Sales_Data!I:I) -> 20180349 | C4: =SUMIF(Sales_Data!E:E,"South",Sales_Data!G:G) -> 180275 | D4: =B4/C4 -> 111.94203
A5: East | B5: =SUMIF(Sales_Data!E:E,"East",Sales_Data!I:I) -> 19380322 | C5: =SUMIF(Sales_Data!E:E,"East",Sales_Data!G:G) -> 180752 | D5: =B5/C5 -> 107.22051
A6: West | B6: =SUMIF(Sales_Data!E:E,"West",Sales_Data!I:I) -> 19302196 | C6: =SUMIF(Sales_Data!E:E,"West",Sales_Data!G:G) -> 180978 | D6: =B6/C6 -> 106.65493

Sheet Product_Summary
A1: REVENUE BY PRODUCT
A2: Product | B2: Total Revenue | C2: Total Units | D2: Avg Revenue per Unit
A3: Product_A | B3: =SUMIF(Sales_Data!F:F,"Product_A",Sales_Data!I:I) -> 5870583.2 | C3: =SUMIF(Sales_Data!F:F,"Product_A",Sales_Data!G:G) -> 58720 | D3: =B3/C3 -> 99.975871
A4: Product_B | B4: =SUMIF(Sales_Data!F:F,"Product_B",Sales_Data!I:I) -> 5882264.6 | C4: =SUMIF(Sales_Data!F:F,"Product_B",Sales_Data!G:G) -> 57698 | D4: =B4/C4 -> 101.94919
A5: Product_C | B5: =SUMIF(Sales_Data!F:F,"Product_C",Sales_Data!I:I) -> 6068712.5 | C5: =SUMIF(Sales_Data!F:F,"Product_C",Sales_Data!G:G) -> 59119 | D5: =B5/C5 -> 102.65249
A6: Product_D | B6: =SUMIF(Sales_Data!F:F,"Product_D",Sales_Data!I:I) -> 6280942.1 | C6: =SUMIF(Sales_Data!F:F,"Product_D",Sales_Data!G:G) -> 62673 | D6: =B6/C6 -> 100.21767
A7: Product_E | B7: =SUMIF(Sales_Data!F:F,"Product_E",Sales_Data!I:I) -> 6818900 | C7: =SUMIF(Sales_Data!F:F,"Product_E",Sales_Data!G:G) -> 58249 | D7: =B7/C7 -> 117.06467
A8: Product_F | B8: =SUMIF(Sales_Data!F:F,"Product_F",Sales_Data!I:I) -> 6294365.1 | C8: =SUMIF(Sales_Data!F:F,"Product_F",Sales_Data!G:G) -> 61199 | D8: =B8/C8 -> 102.85078
A9: Product_G | B9: =SUMIF(Sales_Data!F:F,"Product_G",Sales_Data!I:I) -> 6759086 | C9: =SUMIF(Sales_Data!F:F,"Product_G",Sales_Data!G:G) -> 62366 | D9: =B9/C9 -> 108.37774
A10: Product_H | B10: =SUMIF(Sales_Data!F:F,"Product_H",Sales_Data!I:I) -> 6381293.1 | C10: =SUMIF(Sales_Data!F:F,"Product_H",Sales_Data!G:G) -> 60483 | D10: =B10/C10 -> 105.50556
A11: Product_I | B11: =SUMIF(Sales_Data!F:F,"Product_I",Sales_Data!I:I) -> 7177511.8 | C11: =SUMIF(Sales_Data!F:F,"Product_I",Sales_Data!G:G) -> 59904 | D11: =B11/C11 -> 119.8169
A12: Product_J | B12: =SUMIF(Sales_Data!F:F,"Product_J",Sales_Data!I:I) -> 6700911.4 | C12: =SUMIF(Sales_Data!F:F,"Product_J",Sales_Data!G:G) -> 60541 | D12: =B12/C12 -> 110.68386
A13: Product_K | B13: =SUMIF(Sales_Data!F:F,"Product_K",Sales_Data!I:I) -> 6579946.2 | C13: =SUMIF(Sales_Data!F:F,"Product_K",Sales_Data!G:G) -> 61489 | D13: =B13/C13 -> 107.01013
A14: Product_L | B14: =SUMIF(Sales_Data!F:F,"Product_L",Sales_Data!I:I) -> 6966350.1 | C14: =SUMIF(Sales_Data!F:F,"Product_L",Sales_Data!G:G) -> 60887 | D14: =B14/C14 -> 114.41441

Sheet Monthly_Trend
A1: MONTHLY REVENUE TREND & YoY GROWTH
A2: Month_Period | B2: Total_Revenue | C2: MoM_Growth_% | D2: Trend
A3: 2023-01 | B3: 4271888.7
A4: 2023-03 | B4: 2699941.7 | C4: =(B4-B3)/B3 -> -0.36797469 | D4: =IF(C4>0,"UP","DOWN") -> DOWN
A5: 2023-04 | B5: 2189061.4 | C5: =(B5-B4)/B4 -> -0.18921904 | D5: =IF(C5>0,"UP","DOWN") -> DOWN
A6: 2023-05 | B6: 4608079.6 | C6: =(B6-B5)/B5 -> 1.1050482 | D6: =IF(C6>0,"UP","DOWN") -> UP
A7: 2023-06 | B7: 1798505.9 | C7: =(B7-B6)/B6 -> -0.60970598 | D7: =IF(C7>0,"UP","DOWN") -> DOWN
A8: 2023-07 | B8: 2669441.1 | C8: =(B8-B7)/B7 -> 0.48425488 | D8: =IF(C8>0,"UP","DOWN") -> UP
A9: 2023-08 | B9: 1963856 | C9: =(B9-B8)/B8 -> -0.26431942 | D9: =IF(C9>0,"UP","DOWN") -> DOWN
A10: 2023-09 | B10: 2025072.1 | C10: =(B10-B9)/B9 -> 0.031171379 | D10: =IF(C10>0,"UP","DOWN") -> UP
A11: 2023-10 | B11: 2131421.6 | C11: =(B11-B10)/B10 -> 0.052516391 | D11: =IF(C11>0,"UP","DOWN") -> UP
A12: 2023-11 | B12: 2047222.8 | C12: =(B12-B11)/B11 -> -0.039503611 | D12: =IF(C12>0,"UP","DOWN") -> DOWN
A13: 2023-12 | B13: 2515238.9 | C13: =(B13-B12)/B12 -> 0.22861028 | D13: =IF(C13>0,"UP","DOWN") -> UP
A14: 2024-01 | B14: 2148455.8 | C14: =(B14-B13)/B13 -> -0.14582437 | D14: =IF(C14>0,"UP","DOWN") -> DOWN
A15: 2024-02 | B15: 2188397.2 | C15: =(B15-B14)/B14 -> 0.018590767 | D15: =IF(C15>0,"UP","DOWN") -> UP
... A36: 2025-11 | B36: 2316766.5 | C36: =(B36-B35)/B35 -> 0.20270374 | D36: =IF(C36>0,"UP","DOWN") -> UP
